[
  {
    "id": "5481fe3a-a9b9-4151-9a05-d60a815e70c0",
    "data": [
      {
        "text": "I have ",
        "userDefined": false
      },
      {
        "text": "5 year",
        "alias": "Work_experience",
        "meta": "@Work_experience",
        "userDefined": true
      },
      {
        "text": " exp",
        "userDefined": false
      }
    ],
    "isTemplate": false,
    "count": 0,
    "updated": 0
  },
  {
    "id": "21d8191e-39ff-463e-a305-4dce9e708ffc",
    "data": [
      {
        "text": "fresher",
        "alias": "Work_experience",
        "meta": "@Work_experience",
        "userDefined": false
      }
    ],
    "isTemplate": false,
    "count": 0,
    "updated": 0
  },
  {
    "id": "94f66dc2-4f44-44c1-af59-f6084444e554",
    "data": [
      {
        "text": "I am a ",
        "userDefined": false
      },
      {
        "text": "fresher",
        "alias": "Work_experience",
        "meta": "@Work_experience",
        "userDefined": false
      }
    ],
    "isTemplate": false,
    "count": 0,
    "updated": 0
  },
  {
    "id": "653a0410-3384-4411-82f5-95d197f90f0a",
    "data": [
      {
        "text": "3 year",
        "alias": "Work_experience",
        "meta": "@Work_experience",
        "userDefined": true
      }
    ],
    "isTemplate": false,
    "count": 0,
    "updated": 0
  },
  {
    "id": "33a924a5-042f-488a-98a5-66cd7ed3e83f",
    "data": [
      {
        "text": "2 year",
        "alias": "Work_experience",
        "meta": "@Work_experience",
        "userDefined": true
      }
    ],
    "isTemplate": false,
    "count": 0,
    "updated": 0
  },
  {
    "id": "70c1a61a-9a0e-4926-99df-7c7b9c10fc6c",
    "data": [
      {
        "text": "I have ",
        "userDefined": false
      },
      {
        "text": "1 year",
        "alias": "Work_experience",
        "meta": "@Work_experience",
        "userDefined": true
      },
      {
        "text": " exp",
        "userDefined": false
      }
    ],
    "isTemplate": false,
    "count": 0,
    "updated": 0
  }
]