[
  {
    "id": "a18862c7-1650-411c-a98a-f1a252a4706f",
    "data": [
      {
        "text": "IT Business Development Consultant",
        "userDefined": false
      }
    ],
    "isTemplate": false,
    "count": 0,
    "updated": 0
  },
  {
    "id": "25e10fad-a3a0-47fd-a2c0-82323bdfe7b7",
    "data": [
      {
        "text": "Internship Mobile App (short term assignments)",
        "userDefined": false
      }
    ],
    "isTemplate": false,
    "count": 0,
    "updated": 0
  },
  {
    "id": "fcd2d3e0-25a7-4822-99ee-24d7ebf4fb19",
    "data": [
      {
        "text": "python developer",
        "alias": "Designation",
        "meta": "@Designation",
        "userDefined": true
      }
    ],
    "isTemplate": false,
    "count": 1,
    "updated": 0
  },
  {
    "id": "2b89a737-4b51-43a0-89e8-21ebdb5e46fe",
    "data": [
      {
        "text": "machine learning",
        "alias": "Designation",
        "meta": "@Designation",
        "userDefined": true
      }
    ],
    "isTemplate": false,
    "count": 0,
    "updated": 0
  },
  {
    "id": "b5d9bbf3-83cc-496d-b2e0-600e19dd8ffe",
    "data": [
      {
        "text": "data scientist",
        "alias": "Designation",
        "meta": "@Designation",
        "userDefined": true
      }
    ],
    "isTemplate": false,
    "count": 0,
    "updated": 0
  },
  {
    "id": "e90fb01b-cd3b-4684-bc04-f16731ca1cc9",
    "data": [
      {
        "text": "I am looking for a job for ",
        "userDefined": false
      },
      {
        "text": "machine learning",
        "alias": "Designation",
        "meta": "@Designation",
        "userDefined": true
      }
    ],
    "isTemplate": false,
    "count": 0,
    "updated": 0
  }
]