[
  {
    "id": "c80cbc4c-94f2-47b1-b0e8-bbb2b1fc81fa",
    "data": [
      {
        "text": "bangalore",
        "alias": "Location",
        "meta": "@Location",
        "userDefined": false
      }
    ],
    "isTemplate": false,
    "count": 0,
    "updated": 0
  },
  {
    "id": "50e380f9-0027-4ba3-88a3-d93da37557df",
    "data": [
      {
        "text": "chennai",
        "alias": "Location",
        "meta": "@Location",
        "userDefined": false
      }
    ],
    "isTemplate": false,
    "count": 0,
    "updated": 0
  },
  {
    "id": "69e260da-b1e3-45ec-b627-72412a8bd73e",
    "data": [
      {
        "text": "trivandrum",
        "alias": "Location",
        "meta": "@Location",
        "userDefined": false
      }
    ],
    "isTemplate": false,
    "count": 0,
    "updated": 0
  },
  {
    "id": "28588075-b738-4820-a7a3-069e3035fd2c",
    "data": [
      {
        "text": "delhi",
        "alias": "Location",
        "meta": "@Location",
        "userDefined": false
      }
    ],
    "isTemplate": false,
    "count": 0,
    "updated": 0
  },
  {
    "id": "b0a892da-b9a8-4b00-abab-4dbea3d5738e",
    "data": [
      {
        "text": "in ",
        "userDefined": false
      },
      {
        "text": "pune",
        "alias": "Location",
        "meta": "@Location",
        "userDefined": true
      }
    ],
    "isTemplate": false,
    "count": 0,
    "updated": 0
  }
]