[
  {
    "id": "9afee804-84b8-4db7-a54a-24153a212ed3",
    "data": [
      {
        "text": "Please can I look for a job",
        "userDefined": false
      }
    ],
    "isTemplate": false,
    "count": 0,
    "updated": 0
  },
  {
    "id": "411bdd4a-14b5-4505-83fb-59114b96af26",
    "data": [
      {
        "text": "I wanna search for a career",
        "userDefined": false
      }
    ],
    "isTemplate": false,
    "count": 0,
    "updated": 0
  },
  {
    "id": "f83965cb-c13f-4d9c-831a-c45789b158ce",
    "data": [
      {
        "text": "Job search",
        "userDefined": false
      }
    ],
    "isTemplate": false,
    "count": 0,
    "updated": 0
  },
  {
    "id": "5a8d5962-e828-4838-90e7-32a3d3e9ec15",
    "data": [
      {
        "text": "Hi , I am looking for a job",
        "userDefined": false
      }
    ],
    "isTemplate": false,
    "count": 0,
    "updated": 0
  },
  {
    "id": "9f46d57a-4868-4cf3-976f-4023feeac8cf",
    "data": [
      {
        "text": "I am looking for a job",
        "userDefined": false
      }
    ],
    "isTemplate": false,
    "count": 0,
    "updated": 0
  }
]